{
  "__code:26": "def create_graph_solve_with_PAL_Strategy():\n    graph = StateGraph(dict)\n    graph.add_node(\"parse\", parse_problem)\n    graph.add_node(\"calculate\", execute_code)\n    graph.add_edge(START, \"parse\")\n    graph.add_edge(\"parse\", \"calculate\")\n    graph.add_edge(\"calculate\", END)\n    return graph",
  "__code:27": "def parse_problem(state: dict):\n    q = get_no_node(state).get(\"question\", \"\")\n    prompt = get_no_node(prompt_parse_problem) + str(q)\n    ans = llm_call(prompt).strip()\n    return {\"raw_answer\": node(ans), \"question\": q}",
  "__code:28": "def execute_code(state: dict):\n    \"\"\"\n    Not executing Python anymore. We validate/extract a final token.\n    Enhanced: choose the most similar allowed token if multiple candidates exist, instead of always picking the first.\n    \"\"\"\n    q = get_no_node(state).get(\"question\", \"\")\n    raw = get_no_node(state).get(\"raw_answer\", \"\")\n    raw = raw.data if hasattr(raw, \"data\") else raw\n    raw = _clean_token(raw)\n\n    allowed = _extract_allowed_set(q)\n\n    # If allowed exists, try exact match or simple salvage first\n    if allowed is not None:\n        if raw in allowed:\n            return {\"final_answer\": node(raw)}\n\n        # Try to salvage: if any allowed token is a substring of raw\n        for tok in allowed:\n            if tok in str(raw):\n                return {\"final_answer\": node(tok)}\n\n        # If still unresolved, rank by similarity and pick best\n        try:\n            import difflib\n\n            best = None\n            best_score = -1.0\n            for tok in allowed:\n                score = difflib.SequenceMatcher(None, str(raw), str(tok)).ratio()\n                if score > best_score:\n                    best_score = score\n                    best = tok\n            if best is not None:\n                return {\"final_answer\": node(best)}\n        except Exception:\n            pass\n\n        # deterministic fallback: pick the last token in sorted order to maintain consistency\n        return {\"final_answer\": node(sorted(list(allowed), reverse=True)[0])}\n\n    # If no allowed set, return the cleaned raw or a default message\n    return {\"final_answer\": node(raw if raw else \"No solution found\")}\n",
  "str:0": "Read the problem and output a Python expression to compute the answer and store it into 'result' variable.\nProblem:"
}