{
  "__code:39": "def create_graph_solve_with_verification():\n    graph = StateGraph(dict)\n    graph.add_node(\"solve\", solve_problem)\n    graph.add_node(\"verify\", verify_solution)\n    graph.add_node(\"refine\", refine_solution)\n    graph.add_node(\"final\", final_node)\n    graph.add_edge(START, \"solve\")\n    graph.add_edge(\"solve\", \"verify\")\n\n    def route_after_verify(state: dict):\n        return \"final\" if get_no_node(state).get(\"correct\", False) else \"refine\"\n    graph.add_conditional_edges(\"verify\", path=route_after_verify)\n\n    graph.add_edge(\"refine\", \"final\")\n    graph.add_edge(\"final\", END)\n    return graph",
  "__code:40": "def solve_problem(state: dict):\n    prompt = get_no_node(prompt_solve_problem).format(\n        question=get_no_node(state)[\"question\"]\n    )\n    solution = llm_call(prompt)\n\n    # Normalize potential quotes around the token\n    def _strip_quotes(x):\n        if isinstance(x, str):\n            s = x.strip()\n            if (s.startswith(\"'\") and s.endswith(\"'\")) or (\n                s.startswith('\"') and s.endswith('\"')\n            ):\n                s = s[1:-1]\n            return s\n        return x\n\n    sanitized_solution = _strip_quotes(solution)\n    set_dict(state, \"initial_solution\", sanitized_solution)\n\n    # Extract final token\n    ans = _extract_final_token(sanitized_solution)\n\n    # Validate token format\n    def _is_valid_token(t):\n        if not isinstance(t, str):\n            return False\n        t = t.strip()\n        return t.startswith(\"(\") and t.endswith(\")\")\n\n    if ans is None or not _is_valid_token(ans):\n        # Fallback: try a second pass (same prompt) to coax a token\n        solution2 = llm_call(prompt)\n        ans = _extract_final_token(_strip_quotes(solution2))\n        if ans is not None and _is_valid_token(ans):\n            sanitized_solution = _strip_quotes(solution2)\n            set_dict(state, \"initial_solution\", sanitized_solution)\n\n    set_dict(state, \"initial_answer\", ans)\n    return state\n",
  "__code:41": "def verify_solution(state: dict):\n    # Helper: strip quotes from a string token\n    def _strip_quotes(x):\n        if isinstance(x, str):\n            s = x.strip()\n            if (s.startswith(\"'\") and s.endswith(\"'\")) or (\n                s.startswith('\"') and s.endswith('\"')\n            ):\n                s = s[1:-1]\n            return s\n        return x\n\n    # Use sanitized initial_solution in the verifier prompt\n    prompt = get_no_node(prompt_verify_solution).format(\n        question=get_no_node(state)[\"question\"],\n        solution=_strip_quotes(get_no_node(state)[\"initial_solution\"]),\n    )\n    verdict = llm_call(prompt)\n\n    verdict_norm = verdict.strip().upper()\n\n    if verdict_norm == \"CORRECT\":\n        set_dict(state, \"correct\", True)\n        set_dict(state, \"final_answer\", get_no_node(state).get(\"initial_answer\"))\n        return state\n\n    if verdict_norm == \"INCORRECT\":\n        set_dict(state, \"correct\", False)\n        set_dict(state, \"verification_feedback\", verdict)\n        return state\n\n    if \"INCORRECT\" in verdict_norm:\n        set_dict(state, \"correct\", False)\n        set_dict(state, \"verification_feedback\", verdict)\n        return state\n\n    if \"CORRECT\" in verdict_norm:\n        set_dict(state, \"correct\", True)\n        set_dict(state, \"final_answer\", get_no_node(state).get(\"initial_answer\"))\n        return state\n\n    set_dict(state, \"correct\", False)\n    set_dict(\n        state, \"verification_feedback\", f\"[Unparseable verifier output]\\\\n{verdict}\"\n    )\n    return state\n",
  "__code:42": "def refine_solution(state: dict):\n    # Base prompt for refinement\n    prompt_base = get_no_node(prompt_refine_solution).format(\n        question=get_no_node(state)[\"question\"],\n        verification_feedback=get_no_node(state).get(\"verification_feedback\", \"\"),\n    )\n\n    # Helpers\n    def _strip_quotes(x):\n        if isinstance(x, str):\n            s = x.strip()\n            if (s.startswith(\"'\") and s.endswith(\"'\")) or (\n                s.startswith('\"') and s.endswith('\"')\n            ):\n                s = s[1:-1]\n            return s\n        return x\n\n    def _is_valid_token(t):\n        if not isinstance(t, str):\n            return False\n        t = t.strip()\n        return t.startswith(\"(\") and t.endswith(\")\")\n\n    max_rounds = 2\n    current_prompt = prompt_base\n    last_solution = None\n    last_token = None\n\n    for _ in range(max_rounds):\n        new_solution = llm_call(current_prompt)\n        token = _extract_final_token(_strip_quotes(new_solution))\n        if token is not None and _is_valid_token(token):\n            last_solution = new_solution\n            last_token = token\n            break\n        # prepare next refinement using the latest feedback\n        current_prompt = get_no_node(prompt_refine_solution).format(\n            question=get_no_node(state)[\"question\"], verification_feedback=new_solution\n        )\n\n    set_dict(\n        state, \"refined_solution\", last_solution if last_solution is not None else \"\"\n    )\n\n    refined_answer = last_token\n    if refined_answer is None or not _is_valid_token(refined_answer):\n        refined_answer = get_no_node(state).get(\"initial_answer\")\n\n    set_dict(\n        state,\n        \"final_answer\",\n        refined_answer if refined_answer is not None else \"Ambiguous\",\n    )\n    return state\n",
  "__code:43": "def final_node(state: dict):\n    return state\n",
  "str:1": "You are a math expert. Verify the solution below for correctness.\nProblem: {question}\nSolution and Answer: {solution}\nIs the answer correct? If not, explain the error.",
  "str:2": "The previous answer was found to be incorrect. {verification_feedback}\nPlease solve the problem again correctly:\n{question}\nCorrect Solution:",
  "str:3": "Solve the following problem step by step and give the final answer:\n{question}\nSolution:"
}