{
  "__code:34": "def create_graph_solve_with_verification():\n    graph = StateGraph(dict)\n    graph.add_node(\"solve\", solve_problem)\n    graph.add_node(\"verify\", verify_solution)\n    graph.add_node(\"refine\", refine_solution)\n    graph.add_node(\"final\", final_node)\n    graph.add_edge(START, \"solve\")\n    graph.add_edge(\"solve\", \"verify\")\n\n    def route_after_verify(state: dict):\n        return \"final\" if get_no_node(state).get(\"correct\", False) else \"refine\"\n    graph.add_conditional_edges(\"verify\", path=route_after_verify)\n\n    graph.add_edge(\"refine\", \"final\")\n    graph.add_edge(\"final\", END)\n    return graph",
  "__code:35": "def solve_problem(state: dict):\n    prompt = get_no_node(prompt_solve_problem).format(\n        question=get_no_node(state)[\"question\"]\n    )\n    solution = llm_call(prompt)\n\n    # Robust token extraction: try direct extraction, then regex fallback\n    ans = _extract_final_token(solution)\n    if ans is None:\n        import re\n\n        m = re.search(r\"\\([A-J]\\)\", solution or \"\")\n        ans = m.group(0) if m else None\n        if ans is None:\n            # fallback: pick the first matching token seen in the text\n            m2 = re.findall(r\"\\([A-J]\\)\", solution or \"\")\n            ans = m2[0] if m2 else None\n\n    if ans is None:\n        ans = \"(A)\"  # safe default within allowed tokens\n\n    set_dict(state, \"initial_solution\", solution)\n    set_dict(state, \"initial_answer\", ans)\n    return state\n",
  "__code:36": "def verify_solution(state: dict):\n    prompt = get_no_node(prompt_verify_solution).format(\n        question=get_no_node(state)[\"question\"],\n        solution=get_no_node(state)[\"initial_solution\"],\n    )\n    verdict = llm_call(prompt)\n\n    verdict_norm = verdict.strip().upper()\n\n    # Robust verdict parsing: prefer explicit indicators, handle ambiguity gracefully\n    if \"INCORRECT\" in verdict_norm:\n        set_dict(state, \"correct\", False)\n        set_dict(state, \"verification_feedback\", verdict)\n        return state\n\n    if \"CORRECT\" in verdict_norm:\n        set_dict(state, \"correct\", True)\n        set_dict(state, \"final_answer\", get_no_node(state).get(\"initial_answer\"))\n        return state\n\n    # If verdict is empty or unparseable, record feedback for potential refinement\n    if not verdict_norm:\n        set_dict(state, \"correct\", False)\n        set_dict(state, \"verification_feedback\", verdict)\n        return state\n\n    # Fallback: if verdict contains CORRECT or INCORRECT in unusual formats\n    if \"CORRECT\" in verdict_norm:\n        set_dict(state, \"correct\", True)\n        set_dict(state, \"final_answer\", get_no_node(state).get(\"initial_answer\"))\n        return state\n\n    if \"INCORRECT\" in verdict_norm:\n        set_dict(state, \"correct\", False)\n        set_dict(state, \"verification_feedback\", verdict)\n        return state\n\n    # Ultimately unparseable\n    set_dict(state, \"correct\", False)\n    set_dict(\n        state, \"verification_feedback\", f\"[Unparseable verifier output]\\\\n{verdict}\"\n    )\n    return state\n",
  "__code:37": "def refine_solution(state: dict):\n    prompt = get_no_node(prompt_refine_solution).format(\n        question=get_no_node(state)[\"question\"],\n        verification_feedback=get_no_node(state).get(\"verification_feedback\", \"\"),\n    )\n    new_solution = llm_call(prompt)\n    set_dict(state, \"refined_solution\", new_solution)\n\n    # \u2705 Again: extract token, with a regex fallback\n    refined_answer = _extract_final_token(new_solution)\n    if refined_answer is None:\n        import re\n\n        m = re.search(r\"\\([A-J]\\)\", new_solution or \"\")\n        refined_answer = m.group(0) if m else None\n\n    # If extraction failed, fallback to initial_answer\n    if refined_answer is None:\n        refined_answer = get_no_node(state).get(\"initial_answer\")\n\n    set_dict(\n        state,\n        \"final_answer\",\n        refined_answer if refined_answer is not None else \"Ambiguous\",\n    )\n    return state\n",
  "__code:38": "def final_node(state: dict):\n    return state\n",
  "str:1": "You are a math expert. Verify the solution below for correctness.\nProblem: {question}\nSolution and Answer: {solution}\nIs the answer correct? If not, explain the error.",
  "str:2": "The previous answer was found to be incorrect. {verification_feedback}\nPlease solve the problem again correctly:\n{question}\nCorrect Solution:",
  "str:3": "Solve the following problem step by step and give the final answer:\n{question}\nSolution:"
}