{
  "__code:34": "def create_graph_solve_with_verification():\n    graph = StateGraph(dict)\n    graph.add_node(\"solve\", solve_problem)\n    graph.add_node(\"verify\", verify_solution)\n    graph.add_node(\"refine\", refine_solution)\n    graph.add_node(\"final\", final_node)\n    graph.add_edge(START, \"solve\")\n    graph.add_edge(\"solve\", \"verify\")\n\n    def route_after_verify(state: dict):\n        return \"final\" if get_no_node(state).get(\"correct\", False) else \"refine\"\n    graph.add_conditional_edges(\"verify\", path=route_after_verify)\n\n    graph.add_edge(\"refine\", \"final\")\n    graph.add_edge(\"final\", END)\n    return graph",
  "__code:35": "def solve_problem(state: dict):\n    # Robust helpers to access state for both dicts and non-dicts\n    def _get(s, k, default=None):\n        if isinstance(s, dict):\n            return s.get(k, default)\n        return getattr(s, k, default)\n\n    def _set(s, k, v):\n        if isinstance(s, dict):\n            s[k] = v\n        else:\n            try:\n                setattr(s, k, v)\n            except Exception:\n                pass\n\n    prompt = get_no_node(prompt_solve_problem).format(question=_get(state, \"question\"))\n    solution = llm_call(prompt)\n\n    # Robust token extraction: extract final token if present; else try token-like patterns\n    ans = _extract_final_token(solution)\n    if ans is None:\n        import re\n\n        m = re.search(r\"\\([A-J]\\)\", solution or \"\")\n        ans = m.group(0) if m else None\n        if ans is None:\n            m2 = re.findall(r\"\\([A-J]\\)\", solution or \"\")\n            ans = m2[0] if m2 else None\n\n    if ans is None:\n        ans = \"(A)\"  # safe default within allowed tokens\n\n    _set(state, \"initial_solution\", solution)\n    _set(state, \"initial_answer\", ans)\n    return state\n",
  "__code:36": "def verify_solution(state: dict):\n    # Robust helpers to access/modify state irrespective of dict/object\n    def _get(s, k, default=None):\n        if isinstance(s, dict):\n            return s.get(k, default)\n        return getattr(s, k, default)\n\n    def _set(s, k, v):\n        if isinstance(s, dict):\n            s[k] = v\n        else:\n            try:\n                setattr(s, k, v)\n            except Exception:\n                pass\n\n    prompt = get_no_node(prompt_verify_solution).format(\n        question=_get(state, \"question\"),\n        solution=_get(state, \"initial_solution\"),\n    )\n    verdict = llm_call(prompt)\n\n    verdict_norm = verdict.strip().upper()\n\n    if \"INCORRECT\" in verdict_norm:\n        _set(state, \"correct\", False)\n        _set(state, \"verification_feedback\", verdict)\n        return state\n\n    if \"CORRECT\" in verdict_norm:\n        _set(state, \"correct\", True)\n        _set(state, \"final_answer\", _get(state, \"initial_answer\"))\n        return state\n\n    if not verdict_norm:\n        _set(state, \"correct\", False)\n        _set(state, \"verification_feedback\", verdict)\n        return state\n\n    _set(state, \"correct\", False)\n    _set(state, \"verification_feedback\", f\"[Unparseable verifier output]\\\\n{verdict}\")\n    return state\n",
  "__code:37": "def refine_solution(state: dict):\n    prompt = get_no_node(prompt_refine_solution).format(\n        question=get_no_node(state)[\"question\"],\n        verification_feedback=get_no_node(state).get(\"verification_feedback\", \"\"),\n    )\n    new_solution = llm_call(prompt)\n    set_dict(state, \"refined_solution\", new_solution)\n\n    # \u2705 Again: extract token, with a regex fallback\n    refined_answer = _extract_final_token(new_solution)\n    if refined_answer is None:\n        import re\n\n        m = re.search(r\"\\([A-J]\\)\", new_solution or \"\")\n        refined_answer = m.group(0) if m else None\n\n    # If extraction failed, fallback to initial_answer\n    if refined_answer is None:\n        refined_answer = get_no_node(state).get(\"initial_answer\")\n\n    set_dict(\n        state,\n        \"final_answer\",\n        refined_answer if refined_answer is not None else \"Ambiguous\",\n    )\n    return state\n",
  "__code:38": "def final_node(state: dict):\n    # Safe finalization that works for dicts and non-dict state objects\n    if isinstance(state, dict):\n        if \"final_answer\" not in state or state.get(\"final_answer\") is None:\n            if \"initial_answer\" in state:\n                state[\"final_answer\"] = state[\"initial_answer\"]\n    else:\n        # Try to propagate if possible via attributes\n        if getattr(state, \"final_answer\", None) is None:\n            initial = getattr(state, \"initial_answer\", None)\n            if initial is not None:\n                try:\n                    setattr(state, \"final_answer\", initial)\n                except Exception:\n                    pass\n    return state\n",
  "str:1": "You are a math expert. Verify the solution below for correctness.\nProblem: {question}\nSolution and Answer: {solution}\nIs the answer correct? If not, explain the error.",
  "str:2": "The previous answer was found to be incorrect. {verification_feedback}\nPlease solve the problem again correctly:\n{question}\nCorrect Solution:",
  "str:3": "Solve the following problem step by step and give the final answer:\n{question}\nSolution:"
}