{
  "__code:29": "def create_graph_solve_with_verification():\n    graph = StateGraph(dict)\n    graph.add_node(\"solve\", solve_problem)\n    graph.add_node(\"verify\", verify_solution)\n    graph.add_node(\"refine\", refine_solution)\n    graph.add_node(\"final\", final_node)\n    graph.add_edge(START, \"solve\")\n    graph.add_edge(\"solve\", \"verify\")\n\n    def route_after_verify(state: dict):\n        return \"final\" if get_no_node(state).get(\"correct\", False) else \"refine\"\n    graph.add_conditional_edges(\"verify\", path=route_after_verify)\n\n    graph.add_edge(\"refine\", \"final\")\n    graph.add_edge(\"final\", END)\n    return graph",
  "__code:30": "def solve_problem(state: dict):\n    prompt = get_no_node(prompt_solve_problem).format(\n        question=get_no_node(state)[\"question\"]\n    )\n    solution = llm_call(prompt)\n\n    set_dict(state, \"initial_solution\", solution)\n\n    # Robust extraction of final token: search for tokens like (A), (B), ...\n    import re\n\n    ans = None\n    tokens = re.findall(r\"\\(([A-Z])\\)\", solution)\n    if tokens:\n        ans = f\"({tokens[-1]})\"\n    else:\n        ans = _extract_final_token(solution)\n\n    if ans is None:\n        ans = \"\"\n\n    set_dict(state, \"initial_answer\", ans)\n    return state\n",
  "__code:31": "def verify_solution(state: dict):\n    prompt = get_no_node(prompt_verify_solution).format(\n        question=get_no_node(state)[\"question\"],\n        solution=get_no_node(state)[\"initial_solution\"],\n    )\n    verdict = llm_call(prompt)\n\n    verdict_norm = verdict.strip().upper()\n\n    # Cas id\u00e9al : le v\u00e9rificateur suit l'instruction \u00e0 la lettre.\n    if verdict_norm == \"CORRECT\":\n        set_dict(state, \"correct\", True)\n        # final_answer doit \u00eatre le token autoris\u00e9, sans phrase autour\n        set_dict(state, \"final_answer\", get_no_node(state).get(\"initial_answer\"))\n        return state\n\n    if verdict_norm == \"INCORRECT\":\n        set_dict(state, \"correct\", False)\n        set_dict(state, \"verification_feedback\", verdict)\n        return state\n\n    # Fallback robuste si le mod\u00e8le n'a pas respect\u00e9 le format strict\n    # (mais on \u00e9vite ton ancien \"contains correct but not not\" qui se fait pi\u00e9ger).\n    if \"INCORRECT\" in verdict_norm:\n        set_dict(state, \"correct\", False)\n        set_dict(state, \"verification_feedback\", verdict)\n        return state\n\n    if \"CORRECT\" in verdict_norm:\n        set_dict(state, \"correct\", True)\n        set_dict(state, \"final_answer\", get_no_node(state).get(\"initial_answer\"))\n        return state\n\n    # Si le verdict est inutilisable, on force une passe refine\n    set_dict(state, \"correct\", False)\n    set_dict(\n        state, \"verification_feedback\", f\"[Unparseable verifier output]\\\\n{verdict}\"\n    )\n    return state\n",
  "__code:32": "def refine_solution(state: dict):\n    prompt = get_no_node(prompt_refine_solution).format(\n        question=get_no_node(state)['question'],\n        verification_feedback=get_no_node(state).get('verification_feedback', '')\n    )\n    new_solution = llm_call(prompt)\n    set_dict(state, \"refined_solution\", new_solution)\n\n    # \u2705 Again: extract token, do NOT format as a sentence\n    refined_answer = _extract_final_token(new_solution)\n\n    # If extraction failed, fallback to initial_answer\n    if refined_answer is None:\n        refined_answer = get_no_node(state).get(\"initial_answer\")\n\n    # Final: token only\n    set_dict(state, \"final_answer\", refined_answer if refined_answer is not None else \"Ambiguous\")\n    return state",
  "__code:33": "def final_node(state: dict):\n    return state\n",
  "str:1": "You are a math expert. Verify the solution below for correctness.\nProblem: {question}\nSolution and Answer: {solution}\nIs the answer correct? If not, explain the error.",
  "str:2": "The previous answer was found to be incorrect. {verification_feedback}\nPlease solve the problem again correctly:\n{question}\nCorrect Solution:",
  "str:3": "Solve the following problem step by step and give the final answer:\n{question}\nSolution:"
}