{
  "__code:29": "def create_graph_solve_with_verification():\n    graph = StateGraph(dict)\n    graph.add_node(\"solve\", solve_problem)\n    graph.add_node(\"verify\", verify_solution)\n    graph.add_node(\"refine\", refine_solution)\n    graph.add_node(\"final\", final_node)\n    graph.add_edge(START, \"solve\")\n    graph.add_edge(\"solve\", \"verify\")\n\n    def route_after_verify(state: dict):\n        return \"final\" if get_no_node(state).get(\"correct\", False) else \"refine\"\n    graph.add_conditional_edges(\"verify\", path=route_after_verify)\n\n    graph.add_edge(\"refine\", \"final\")\n    graph.add_edge(\"final\", END)\n    return graph",
  "__code:30": "def solve_problem(state: dict):\n    prompt = get_no_node(prompt_solve_problem).format(\n        question=get_no_node(state).get(\"question\", \"\")\n    )\n    solution = llm_call(prompt)\n\n    set_dict(state, \"initial_solution\", solution)\n\n    import re\n\n    def _extract_final_token(text: str):\n        if not text:\n            return \"\"\n        # Normalize text for robust matching\n        t = text.strip()\n\n        # Prefer explicit tokens like (A)\n        upper = t.upper()\n        tokens = re.findall(r\"\\(([A-J])\\)\", upper)\n        if tokens:\n            return f\"({tokens[-1]})\"\n\n        # Fallback: last capital letter at end restricted to A-J\n        m = re.search(r\"([A-J])\\s*$\", upper)\n        if m:\n            return f\"({m.group(1)})\"\n\n        # Fallback: last capital letter inside parentheses near end restricted to A-J\n        m2 = re.search(r\"\\(([A-J])\\)\", upper)\n        if m2:\n            return f\"({m2.group(1)})\"\n\n        return \"\"\n\n    initial_ans = _extract_final_token(solution)\n    set_dict(state, \"initial_answer\", initial_ans)\n    return state\n",
  "__code:31": "def verify_solution(state: dict):\n    prompt = get_no_node(prompt_verify_solution).format(\n        question=get_no_node(state).get(\"question\", \"\"),\n        solution=get_no_node(state).get(\"initial_solution\", \"\"),\n    )\n    verdict = llm_call(prompt)\n\n    verdict_norm = (verdict or \"\").strip().upper()\n\n    import re\n\n    def _extract_final_token(text: str):\n        if not text:\n            return \"\"\n        t = text.strip().upper()\n\n        # Restrict to valid option range A-J\n        tokens = re.findall(r\"\\(([A-J])\\)\", t)\n        if tokens:\n            return f\"({tokens[-1]})\"\n\n        # Fallback: last capital letter at end restricted to A-J\n        m = re.search(r\"([A-J])\\s*$\", t)\n        if m:\n            return f\"({m.group(1)})\"\n\n        # Fallback: last capital letter inside parentheses near end restricted to A-J\n        m2 = re.search(r\"\\(([A-J])\\)\", t)\n        if m2:\n            return f\"({m2.group(1)})\"\n\n        return \"\"\n\n    # If verifier says CORRECT (even if not exact), treat as correct and pick a final answer deterministically\n    if \"CORRECT\" in verdict_norm:\n        set_dict(state, \"correct\", True)\n        initial_ans = get_no_node(state).get(\"initial_answer\", \"\")\n        if initial_ans:\n            set_dict(state, \"final_answer\", initial_ans)\n        else:\n            final_from_solution = _extract_final_token(\n                get_no_node(state).get(\"initial_solution\", \"\")\n            )\n            set_dict(state, \"final_answer\", final_from_solution)\n        return state\n\n    # If verifier says INCORRECT, propagate feedback\n    if \"INCORRECT\" in verdict_norm:\n        set_dict(state, \"correct\", False)\n        set_dict(state, \"verification_feedback\", verdict)\n        return state\n\n    # Fallback robustness: check for any indicators\n    if verdict is not None and verdict != \"\":\n        set_dict(state, \"correct\", False)\n        set_dict(\n            state, \"verification_feedback\", f\"[Unparseable verifier output]\\\\n{verdict}\"\n        )\n        return state\n\n    # Final fallback\n    set_dict(state, \"correct\", False)\n    set_dict(state, \"verification_feedback\", \"Verifier returned no actionable content\")\n    return state\n",
  "__code:32": "def refine_solution(state: dict):\n    prompt = get_no_node(prompt_refine_solution).format(\n        question=get_no_node(state)[\"question\"],\n        verification_feedback=get_no_node(state).get(\"verification_feedback\", \"\"),\n    )\n    new_solution = llm_call(prompt)\n    set_dict(state, \"refined_solution\", new_solution)\n\n    # Reusable extraction helper\n    import re\n\n    def _extract_final_token(text: str):\n        if not text:\n            return None\n        tokens = re.findall(r\"\\(([A-Z])\\)\", text)\n        if tokens:\n            return f\"({tokens[-1]})\"\n        s = text.strip()\n        m = re.search(r\"([A-Z])\\s*$\", s)\n        if m:\n            return f\"({m.group(1)})\"\n        m2 = re.search(r\"\\(([A-Z])\\)\", s)\n        if m2:\n            return f\"({m2.group(1)})\"\n        return None\n\n    refined_answer = _extract_final_token(new_solution)\n\n    if refined_answer is None:\n        refined_answer = get_no_node(state).get(\"initial_answer\", \"\")\n\n    # Ensure final_answer is a concrete token or a safe fallback\n    final_ans = refined_answer if refined_answer != \"\" else \"Ambiguous\"\n\n    set_dict(\n        state,\n        \"final_answer\",\n        final_ans,\n    )\n    return state\n",
  "__code:33": "def final_node(state: dict):\n    \"\"\"\n    Final passthrough node. Returns the input state unchanged.\n    This docstring clarifies the node's role in the evaluation pipeline.\n    \"\"\"\n    return state\n",
  "str:1": "You are a math expert. Verify the solution below for correctness.\nProblem: {question}\nSolution and Answer: {solution}\nIs the answer correct? If not, explain the error.",
  "str:2": "The previous answer was found to be incorrect. {verification_feedback}\nPlease solve the problem again correctly:\n{question}\nCorrect Solution:",
  "str:3": "Solve the following problem step by step and give the final answer:\n{question}\nSolution:"
}